AI课ID,使用模型类型,知识库资源个数,是否24年开设,平台ID,课程名称,教学班ID,教学班所属院系,主讲教师ID,班级正式学生人数,雨课堂日均开课时长（班级开课总时长/开课天数）,布置作业个数,作业在成绩中占比,布置考试个数,考试在成绩中占比,起始时间,结束时间,持续多少周,调整原因
nCXGIcKR,thu-glm,27,是,dICENFqTq,金融大数据与量化分析,2GwjUPwhWZIS,训练中心,1yGLyZRZyadjT,21,5:08:47,0,0.1,3,0.3,2025-02-17 00:00:00,2025-06-22 00:00:00,18,使用学校统一时间
nCXGIcOf,thu-glm,6,否,dICENFqTq,心理危机预防与干预,2GwjUPwhX022,学生部,1yGLyZTn0XaUj,15,2:50:05,5,0.1,0,0.3,2025-02-17 00:00:00,2025-06-22 00:00:00,18,使用学校统一时间
EGZsMB3,DeepSeek-R1,2561,是,dICENFqTq,走近医学,2GwjUPwhX03T,基础医学院,1yGLyZS93qqns,27,2:41:56,37,0.4,0,0.3,2025-02-17 00:00:00,2025-06-22 00:00:00,18,使用学校统一时间
nCXGIcNL,DeepSeek-R1,2,否,dICENFqTq,微积分A(2),2GwjUPwhX0lR,数学教学中心,1yGLyZS93wick,83,2:10:17,0,0.1,6,0.3,2025-02-17 00:00:00,2025-06-22 00:00:00,18,使用学校统一时间
nCXGIcNL,DeepSeek-R1,2,否,dICENFqTq,微积分A(2),2GwjUPwhX0mr,数学教学中心,1yGLyZS93wick,142,2:06:32,0,0.0,6,0.95,2025-02-17 00:00:00,2025-06-22 00:00:00,18,使用学校统一时间
EGZsMzf,thu-glm,465,是,dICENFqTq,大学物理(2),2GwjUPwhX0o4,物理系,1yGLyZS93x4nM,42,2:31:32,72,0.6,3,0.0,2025-02-17 00:00:00,2025-06-22 00:00:00,18,使用学校统一时间
EGZsMzd,thu-glm,317,是,dICENFqTq,电路原理,2GwjUPwhXlyZ,电机系,2GwjUPB6r8qB,71,1:43:26,0,0.8,1,0.0,2025-02-17 00:00:00,2025-06-22 00:00:00,18,使用学校统一时间
EGZsMzd,thu-glm,317,是,dICENFqTq,电路原理,2GwjUPwhXlz1,电机系,2GwjUPtQxHNx,66,2:43:35,0,0.8,1,0.0,2025-02-17 00:00:00,2025-06-22 00:00:00,18,使用学校统一时间
EGZsMzd,thu-glm,317,是,dICENFqTq,电路原理(英),2GwjUPwhXlzv,电机系,1yGLyZTmCwWqN,32,2:11:57,0,0.8,1,0.0,2025-02-17 00:00:00,2025-06-22 00:00:00,18,使用学校统一时间
nCXGIcv2,DeepSeek-R1,224,是,dICENFqTq,计算机程序设计基础,2GwjUPwhXlV0,计算机系,1yGLyZS93bm9I,68,2:34:25,7,0.0,0,0.0,2025-02-17 00:00:00,2025-06-22 00:00:00,18,使用学校统一时间
EGZsMzT,DeepSeek-R1,553,是,dICENFqTq,核辐射物理及探测学,2GwjUPwhXmWU,工物系,1yGLyZS97aYeE,72,1:48:08,0,0.0,28,0.5,2025-02-17 00:00:00,2025-06-22 00:00:00,18,使用学校统一时间
EGZsMzT,DeepSeek-R1,553,是,dICENFqTq,核辐射物理及探测学,2GwjUPwhXmWV,工物系,2GwjUPrx5d1N,93,2:22:04,0,0.6,30,0.0,2025-02-17 00:00:00,2025-06-22 00:00:00,18,使用学校统一时间
nCXGIctS,DeepSeek-R1,35,否,dICENFqTq,心理测量,2GwjUPwhXnCa,社科学院,1yGLyZS93xGPU,19,6:20:47,5,0.8,1,0.0,2025-02-17 00:00:00,2025-06-22 00:00:00,18,使用学校统一时间
nCXGIcuA,DeepSeek-R1,4,否,dICENFqTq,环境数据处理与数学模型,2GwjUPwhXokf,环境学院,1yGLyZS93x5Ml,22,2:43:14,0,0.1,1,0.3,2025-02-17 00:00:00,2025-06-22 00:00:00,18,使用学校统一时间
nCXGIcrB,GPT-4o,61,否,dICENFqTq,多元统计分析,2GwjUPwhXoCj,统计系,1yGLyZS93vSWp,26,3:01:49,0,0.1,1,0.3,2025-02-17 00:00:00,2025-06-22 00:00:00,18,使用学校统一时间
nCXGIcrB,GPT-4o,61,否,dICENFqTq,多元统计分析,2GwjUPwhXoCM,统计系,1yGLyZS93vSWp,81,2:55:24,0,0.1,1,0.3,2025-02-17 00:00:00,2025-06-22 00:00:00,18,使用学校统一时间
EGZsMC7,thu-glm,114,否,dICENFqTq,课程与教学：理论与应用,2GwjUPwhXyMQ,教研院,2GwjUPtQiEBa,19,3:25:08,0,0.1,9,0.3,2025-02-17 00:00:00,2025-06-22 00:00:00,18,使用学校统一时间
EGZsMzT,DeepSeek-R1,553,是,dICENFqTq,中子探测与测量,2GwjUPwhXAKh,工物系,2GwjUPrx5d1N,13,1:45:32,0,0.1,8,0.3,2025-02-17 00:00:00,2025-06-22 00:00:00,18,使用学校统一时间
nCXGIctS,DeepSeek-R1,35,否,dICENFqTq,高级心理测量,2GwjUPwhXMAK,心理系,1yGLyZS93xGPU,7,4:36:09,6,0.1,0,0.3,2025-02-17 00:00:00,2025-06-22 00:00:00,18,使用学校统一时间
nCXGIcpQ,GPT-4o,197,是,dICENFqTq,博士生英语,2GwjUPwi32yE,语言中心,1yGLyZS93qCdq,32,2:46:59,2,0.3,0,0.3,2025-02-17 00:00:00,2025-06-22 00:00:00,18,使用学校统一时间
1OqoJs8grTtmB,DeepSeek-R1,36,否,1OqoJs8grTQgV,金属热处理工艺学（卓）,cMjRU6IPKlMTnBBO,,cMjRU6IPKoqrANIm,15,0:00:00,9,0.1,0,0.3,2025-02-24 00:00:00,2025-07-13 00:00:00,20,使用学校统一时间
1OqoJs8grUqHC,智谱GLM-4-Plus,191,否,1OqoJs8grTQgV,电路（1）,cMjRU6IPKlMTnCXu,,cMjRU6IPKoqrGhdi,94,0:00:00,0,0.1,26,0.3,2025-02-24 00:00:00,2025-07-13 00:00:00,20,使用学校统一时间
1OqoJs8grUqHC,智谱GLM-4-Plus,191,否,1OqoJs8grTQgV,电路（1）,cMjRU6IPKlMTnCXv,,cMjRU6IPKoqrGgWo,84,1:56:07,3,0.15,15,0.2,2025-02-24 00:00:00,2025-07-13 00:00:00,20,使用学校统一时间
37CzHPTzdAWB,通义千问Max,3,否,1OqoJs8grTQgV,半导体物理,cMjRU6IPKlMTnCY4,,cMjRU6IPKoqrGgWt,98,1:58:50,0,0.2,23,0.2,2025-02-24 00:00:00,2025-07-13 00:00:00,20,使用学校统一时间
1OqoJs8grTQTK,DeepSeek-R1,71,否,1OqoJs8grTQgV,英语A4,cMjRU6IPKlMTnNLx,,cMjRU6IPKoqrt8FH,31,3:32:58,3,0.5,0,0.0,2025-02-24 00:00:00,2025-07-13 00:00:00,20,使用学校统一时间
1OqoJs8grTQTK,DeepSeek-R1,71,否,1OqoJs8grTQgV,英语A4,cMjRU6IPKlMTnNLC,,cMjRU6IPKoqrt8Jc,53,2:22:19,0,0.0,1,0.05,2025-02-24 00:00:00,2025-07-13 00:00:00,20,使用学校统一时间
1OqoJs8grTQTK,DeepSeek-R1,71,否,1OqoJs8grTQgV,英语A4,cMjRU6IPKlMTnNM7,,cMjRU6IPKoqrt90y,32,7:47:32,0,0.4,5,0.1,2025-02-24 00:00:00,2025-07-13 00:00:00,20,使用学校统一时间
1OqoJs8grTQTK,DeepSeek-R1,71,否,1OqoJs8grTQgV,英语A4,cMjRU6IPKlMTnNMc,,cMjRU6IPKoqrt8Hn,30,3:50:39,0,0.3,1,0.3,2025-02-24 00:00:00,2025-07-13 00:00:00,20,使用学校统一时间
1OqoJs8grTQTK,DeepSeek-R1,71,否,1OqoJs8grTQgV,英语A4,cMjRU6IPKlMTnNMG,,cMjRU6IPKoqrt8FJ,19,1:51:34,0,0.4,3,0.1,2025-02-24 00:00:00,2025-07-13 00:00:00,20,使用学校统一时间
1OqoJs8grTQTK,DeepSeek-R1,71,否,1OqoJs8grTQgV,英语A4,cMjRU6IPKlMTnNMH,,cMjRU6IPKoqrt8FJ,76,3:28:19,0,0.4,3,0.1,2025-02-24 00:00:00,2025-07-13 00:00:00,20,使用学校统一时间
1OqoJs8grTQTK,DeepSeek-R1,71,否,1OqoJs8grTQgV,英语A4,cMjRU6IPKlMTnNMJ,,cMjRU6IPKoqrt8Iw,33,3:08:14,0,0.3,1,0.3,2025-02-24 00:00:00,2025-07-13 00:00:00,20,使用学校统一时间
1OqoJs8grTQTK,DeepSeek-R1,71,否,1OqoJs8grTQgV,英语C4,cMjRU6IPKlMTnO3B,,cMjRU6IPKoqrt8Jc,49,1:43:06,0,0.0,1,0.05,2025-02-24 00:00:00,2025-07-13 00:00:00,20,使用学校统一时间
1OqoJs8grTQTK,DeepSeek-R1,71,否,1OqoJs8grTQgV,英语B4,cMjRU6IPKlMTnO6u,,cMjRU6IPKoqrt8FH,21,2:27:16,2,0.5,0,0.0,2025-02-24 00:00:00,2025-07-13 00:00:00,20,使用学校统一时间
1OqoJs8grTQTK,DeepSeek-R1,71,否,1OqoJs8grTQgV,英语B4,cMjRU6IPKlMTnO72,,cMjRU6IPKoqrt90y,22,4:41:10,0,0.4,5,0.1,2025-02-24 00:00:00,2025-07-13 00:00:00,20,使用学校统一时间
1OqoJs8grTQTK,DeepSeek-R1,71,否,1OqoJs8grTQgV,英语B4,cMjRU6IPKlMTnO74,,cMjRU6IPKoqrt8FJ,33,1:52:11,0,0.4,2,0.1,2025-02-24 00:00:00,2025-07-13 00:00:00,20,使用学校统一时间
1OqoJs8grTQTK,DeepSeek-R1,71,否,1OqoJs8grTQgV,英语B4,cMjRU6IPKlMTnO75,,cMjRU6IPKoqrt8Iw,30,1:41:36,0,0.3,1,0.3,2025-02-24 00:00:00,2025-07-13 00:00:00,20,使用学校统一时间
1OqoJs8grTQTK,DeepSeek-R1,71,否,1OqoJs8grTQgV,英语A4(卓),cMjRU6IPKlMTnOnj,,cMjRU6IPKoqrt8Iw,20,2:17:53,0,0.3,1,0.3,2025-02-24 00:00:00,2025-07-13 00:00:00,20,使用学校统一时间
1OqoJs8grUDM8,智谱GLM-4-Plus,26,否,1OqoJs8grTQgV,概率论及数理统计B,cMjRU6IPKlMTnOJq,,cMjRU6IPKoqrAnOh,120,1:50:26,24,0.9,0,0.0,2025-02-24 00:00:00,2025-07-13 00:00:00,20,使用学校统一时间
1OqoJs8grUqZv,智谱GLM-4-Plus,17,否,1OqoJs8grTQgV,中外饮食文化,cMjRU6IPKlMTnOMO,,cMjRU6IPKoqrAo58,352,1:49:56,0,0.0,8,1.0,2025-02-24 00:00:00,2025-07-13 00:00:00,20,使用学校统一时间
37CzHPTzdAWB,通义千问Max,3,否,1OqoJs8grTQgV,半导体物理导论,cMjRU6IPKlMTt88k,,cMjRU6IPKoqrGgWt,81,2:03:09,0,0.2,22,0.2,2025-02-24 00:00:00,2025-07-13 00:00:00,20,使用学校统一时间
37CzHPTzdBUQ,DeepSeek-R1,1689,是,1OqoJs8grTPBG,电路分析基础A,cMjRU6IPKlN1yh5W,电子与光学工程学院,cMjRU6IPKoteeXYl,132,5:07:44,0,0.1,2,0.3,2025-02-17 00:00:00,2025-07-06 00:00:00,20,使用学校统一时间
37CzHPTzdBUQ,DeepSeek-R1,1689,是,1OqoJs8grTPBG,电路分析基础A,cMjRU6IPKlN1yh6o,电子与光学工程学院,cMjRU6IPKoteeXUR,105,1:45:17,0,0.0,7,0.1,2025-02-17 00:00:00,2025-07-06 00:00:00,20,使用学校统一时间
37CzHPTzdBUQ,DeepSeek-R1,1689,是,1OqoJs8grTPBG,电路分析基础A,cMjRU6IPKlN1yh6q,电子与光学工程学院,cMjRU6IPKoteeYgQ,36,2:27:27,0,0.0,26,0.3,2025-02-17 00:00:00,2025-07-06 00:00:00,20,使用学校统一时间
37CzHPTzdBUQ,DeepSeek-R1,1689,是,1OqoJs8grTPBG,电路分析基础A,cMjRU6IPKlN1yh6r,电子与光学工程学院,cMjRU6IPKoteeXBJ,35,2:26:54,3,0.06,17,0.3,2025-02-17 00:00:00,2025-07-06 00:00:00,20,使用学校统一时间
37CzHPTzdBUQ,DeepSeek-R1,1689,是,1OqoJs8grTPBG,电路分析基础A,cMjRU6IPKlN1yh6s,电子与光学工程学院,cMjRU6IPKoteeXUR,35,1:43:39,0,0.0,13,0.3,2025-02-17 00:00:00,2025-07-06 00:00:00,20,使用学校统一时间
37CzHPTzdBUQ,DeepSeek-R1,1689,是,1OqoJs8grTPBG,电路分析基础A（混合式）,cMjRU6IPKlN1yh6v,电子与光学工程学院,cMjRU6IPKoteeXiB,98,0:20:15,0,0.1,3,0.3,2025-02-17 00:00:00,2025-07-06 00:00:00,20,使用学校统一时间
37CzHPTzdBUQ,DeepSeek-R1,1689,是,1OqoJs8grTPBG,电路分析基础A（混合式）,cMjRU6IPKlN1yh6w,电子与光学工程学院,cMjRU6IPKoteeXBJ,111,1:25:31,0,0.1,4,0.3,2025-02-17 00:00:00,2025-07-06 00:00:00,20,使用学校统一时间
37CzHPTzdBUQ,DeepSeek-R1,1689,是,1OqoJs8grTPBG,电路分析基础A（混合式）,cMjRU6IPKlN1yh6x,电子与光学工程学院,cMjRU6IPKoteeXUR,59,1:46:50,0,0.0,3,0.0,2025-02-17 00:00:00,2025-07-06 00:00:00,20,使用学校统一时间
37CzHPTzdBUQ,DeepSeek-R1,1689,是,1OqoJs8grTPBG,电路分析基础A,cMjRU6IPKlN1yhMN,电子与光学工程学院,cMjRU6IPKoteeXy9,31,1:42:54,0,0.0,1,0.0,2025-02-17 00:00:00,2025-07-06 00:00:00,20,使用学校统一时间
37CzHPTzdDBt,DeepSeek-R1,379,是,1OqoJs8grTPBG,网络技术与应用（混合式）,cMjRU6IPKlN1ytUa,计算机学院,cMjRU6IPKnaeNSMc,30,2:41:05,0,0.3,4,0.3,2025-02-17 00:00:00,2025-07-06 00:00:00,20,使用学校统一时间
1OqoJs8grTrZd,DeepSeek-R1,100,否,1OqoJs8grTPBG,计算机系统基础Ⅰ（混合式）,cMjRU6IPKlN1ytX8,计算机学院,cMjRU6IPKpM8GxAQ,142,0:00:00,0,0.1,3,0.3,2025-02-17 00:00:00,2025-07-06 00:00:00,20,使用学校统一时间
1OqoJs8grTrZd,DeepSeek-R1,100,否,1OqoJs8grTPBG,计算机系统基础Ⅰ（混合式）,cMjRU6IPKlN1ytXa,计算机学院,cMjRU6IPKnaeNSNY,109,2:29:01,0,0.1,7,0.3,2025-02-17 00:00:00,2025-07-06 00:00:00,20,使用学校统一时间
37CzHPTzdDCw,DeepSeek-R1,316,否,1OqoJs8grTPBG,数字信号处理B,cMjRU6IPKlN1yQQd,通信与信息工程学院,cMjRU6IPKotelqq9,94,2:49:13,0,0.1,2,0.3,2025-02-17 00:00:00,2025-07-06 00:00:00,20,使用学校统一时间
37CzHPTzdDCw,DeepSeek-R1,316,否,1OqoJs8grTPBG,数字信号处理B,cMjRU6IPKlN1yQQe,通信与信息工程学院,cMjRU6IPKpM8GJo1,91,2:56:34,0,0.1,2,0.3,2025-02-17 00:00:00,2025-07-06 00:00:00,20,使用学校统一时间
37CzHPTzdDCw,DeepSeek-R1,316,否,1OqoJs8grTPBG,数字信号处理B,cMjRU6IPKlN1yQQf,通信与信息工程学院,cMjRU6IPKotelq9g,79,0:00:00,0,0.1,2,0.3,2025-02-17 00:00:00,2025-07-06 00:00:00,20,使用学校统一时间
37CzHPTzdDCw,DeepSeek-R1,316,否,1OqoJs8grTPBG,数字信号处理B,cMjRU6IPKlN1yRe3,通信与信息工程学院,cMjRU6IPKotelquL,96,3:57:00,6,0.1,0,0.3,2025-02-17 00:00:00,2025-07-06 00:00:00,20,使用学校统一时间
1OqoJs8grTPcD,智谱GLM-4-Plus,55,否,1OqoJs8grTPfC,电力电子技术,cMjRU6IPKmOAP7UM,青岛恒星科技学院,cMjRU6IPKn5pXdw5,65,2:07:59,8,0.3,2,0.3,2025-02-24 00:00:00,2025-07-13 00:00:00,20,使用学校统一时间
1OqoJs8grTPcD,智谱GLM-4-Plus,55,否,1OqoJs8grTPfC,电力电子技术,cMjRU6IPKmOAP7UP,青岛恒星科技学院,cMjRU6IPKn5pXdw5,43,2:04:10,8,0.3,2,0.3,2025-02-24 00:00:00,2025-07-13 00:00:00,20,使用学校统一时间
1OqoJs8grTFsM,智谱GLM-4-Plus,106,否,1OqoJs8grTPfC,建筑法规,cMjRU6IPKmOAP9xR,青岛恒星科技学院,cMjRU6IPKn5pXDvl,26,5:28:08,32,0.0,4,0.0,2025-02-24 00:00:00,2025-07-13 00:00:00,20,使用学校统一时间
1OqoJs8grTFsM,智谱GLM-4-Plus,106,否,1OqoJs8grTPfC,建筑法规,cMjRU6IPKmOAP9xW,青岛恒星科技学院,cMjRU6IPKn5pXDvl,30,3:43:15,32,0.0,4,0.0,2025-02-24 00:00:00,2025-07-13 00:00:00,20,使用学校统一时间
1OqoJs8grTOST,智谱GLM-4-Plus,80,否,1OqoJs8grTPfC,健康管理学,cMjRU6IPKmOAUoy1,青岛恒星科技学院,cMjRU6IPKr6XWvbq,63,0:00:00,2,0.3,0,0.3,2025-02-24 00:00:00,2025-07-13 00:00:00,20,使用学校统一时间
1OqoJs8grTFsP,智谱GLM-4-Plus,99,否,1OqoJs8grTPfC,老年护理学,cMjRU6IPKmOAUoC4,青岛恒星科技学院,cMjRU6IPKn5pWrCG,59,1:54:29,0,0.0,6,0.3,2025-02-24 00:00:00,2025-07-13 00:00:00,20,使用学校统一时间
1OqoJs8grU1o9,智谱GLM-4-Plus,92,否,1OqoJs8grTPfC,绩效管理,cMjRU6IPKmOAUphX,青岛恒星科技学院,cMjRU6IPKr6XWvbY,29,0:00:00,38,0.3,2,0.3,2025-02-24 00:00:00,2025-07-13 00:00:00,20,使用学校统一时间
1OqoJs8grUeyZ,智谱GLM-4-Plus,115,否,1OqoJs8grTPfC,员工关系管理,cMjRU6IPKmOAUpxw,青岛恒星科技学院,cMjRU6IPKn5G5ogx,42,2:19:45,15,0.3,0,0.3,2025-02-24 00:00:00,2025-07-13 00:00:00,20,使用学校统一时间
1OqoJs8grUeyZ,智谱GLM-4-Plus,115,否,1OqoJs8grTPfC,员工关系管理,cMjRU6IPKmOAUpxx,青岛恒星科技学院,cMjRU6IPKn5G5ogx,29,2:09:28,15,0.3,0,0.3,2025-02-24 00:00:00,2025-07-13 00:00:00,20,使用学校统一时间
1OqoJs8grTFQB,智谱GLM-4-Plus,149,否,1OqoJs8grTPfC,招聘管理,cMjRU6IPKmOAUpxz,青岛恒星科技学院,cMjRU6IPKogS7p27,33,4:49:25,17,0.3,3,0.3,2025-02-24 00:00:00,2025-07-13 00:00:00,20,使用学校统一时间
1OqoJs8grTFQB,智谱GLM-4-Plus,149,否,1OqoJs8grTPfC,招聘管理,cMjRU6IPKmOAUpxB,青岛恒星科技学院,cMjRU6IPKr6Y9PRB,29,2:17:14,17,0.3,11,0.3,2025-02-24 00:00:00,2025-07-13 00:00:00,20,使用学校统一时间
1OqoJs8grU1o7,智谱GLM-4-Plus,72,否,1OqoJs8grTPfC,人力资源规划,cMjRU6IPKmOAUpya,青岛恒星科技学院,cMjRU6IPKn5G5caZ,39,3:51:21,10,0.3,10,0.3,2025-02-24 00:00:00,2025-07-13 00:00:00,20,使用学校统一时间
1OqoJs8grU1o7,智谱GLM-4-Plus,72,否,1OqoJs8grTPfC,人力资源规划,cMjRU6IPKmOAUpyc,青岛恒星科技学院,cMjRU6IPKn5G5caZ,29,2:58:07,10,0.3,10,0.3,2025-02-24 00:00:00,2025-07-13 00:00:00,20,使用学校统一时间
37CzHPTzdDCx,DeepSeek-R1,436,是,1OqoJs8grTPBG,信号与系统A,cMjRU6IPKmORpEU9,通信与信息工程学院,cMjRU6IPKr6PL4ul,116,2:19:17,0,0.1,14,0.3,2025-02-17 00:00:00,2025-07-06 00:00:00,20,使用学校统一时间
37CzHPTzdDCx,DeepSeek-R1,436,是,1OqoJs8grTPBG,信号与系统A,cMjRU6IPKmORpEUc,通信与信息工程学院,cMjRU6IPKr6PL4ul,139,1:48:47,0,0.1,14,0.3,2025-02-17 00:00:00,2025-07-06 00:00:00,20,使用学校统一时间
37CzHPTzdDCx,DeepSeek-R1,436,是,1OqoJs8grTPBG,信号与系统B,cMjRU6IPKmORpEUf,通信与信息工程学院,cMjRU6IPKr6PL4uo,113,1:29:04,0,0.1,4,0.3,2025-02-17 00:00:00,2025-07-06 00:00:00,20,使用学校统一时间
37CzHPTzdDCx,DeepSeek-R1,436,是,1OqoJs8grTPBG,信号与系统B,cMjRU6IPKmORpEUI,通信与信息工程学院,cMjRU6IPKr6PL4uo,125,1:35:23,0,0.1,4,0.3,2025-02-17 00:00:00,2025-07-06 00:00:00,20,使用学校统一时间
37CzHPTzdAVW,DeepSeek-R1,337,是,1OqoJs8grTPUd,消化与营养,cMjRU6IPKmOUPuQt,医学院,cMjRU6IPKocAOnZg,129,1:43:51,0,0.1,2,0.3,2025-02-24 00:00:00,2025-06-29 00:00:00,18,使用学校统一时间
37CzHPTzdAVW,DeepSeek-R1,337,是,1OqoJs8grTPUd,消化与营养(全英),cMjRU6IPKmOUPuQw,医学院,cMjRU6IPKocAOW3K,34,1:41:41,0,0.1,4,0.3,2025-02-24 00:00:00,2025-06-29 00:00:00,18,使用学校统一时间
37CzHPTzdAVW,DeepSeek-R1,337,是,1OqoJs8grTPUd,神经学,cMjRU6IPKmOUPuQB,医学院,cMjRU6IPKocwWmfq,176,3:32:37,0,0.1,4,0.3,2025-02-24 00:00:00,2025-06-29 00:00:00,18,使用学校统一时间
37CzHPTzdAVU,DeepSeek-R1,372,是,1OqoJs8grTPUd,临床基本技能Ⅳ,cMjRU6IPKmOUPuRG,医学院,cMjRU6IPKpTcrse5,68,0:00:00,10,0.0,0,0.0,2025-02-24 00:00:00,2025-06-29 00:00:00,18,使用学校统一时间
37CzHPTzdAVU,DeepSeek-R1,372,是,1OqoJs8grTPUd,临床基本技能Ⅳ,cMjRU6IPKmOUPuRI,医学院,cMjRU6IPKpTcrse5,76,0:00:00,10,0.0,0,0.0,2025-02-24 00:00:00,2025-06-29 00:00:00,18,使用学校统一时间
37CzHPTzdAVU,DeepSeek-R1,372,是,1OqoJs8grTPUd,临床基本技能Ⅳ,cMjRU6IPKmOUPuRJ,医学院,cMjRU6IPKocAOyNm,59,0:59:28,9,0.1,0,0.3,2025-02-24 00:00:00,2025-06-29 00:00:00,18,使用学校统一时间
37CzHPTzdAVU,DeepSeek-R1,372,是,1OqoJs8grTPUd,临床基本技能Ⅳ,cMjRU6IPKmOUPuRL,医学院,cMjRU6IPKocAOyNm,60,1:00:07,9,0.0,0,0.0,2025-02-24 00:00:00,2025-06-29 00:00:00,18,使用学校统一时间
37CzHPTzdAVU,DeepSeek-R1,372,是,1OqoJs8grTPUd,临床基本技能Ⅳ（全英）,cMjRU6IPKmOUPuSc,医学院,cMjRU6IPKpTcrse5,34,0:00:00,10,0.0,0,0.0,2025-02-24 00:00:00,2025-06-29 00:00:00,18,使用学校统一时间
5nsxWh2HqTG,DeepSeek-R1,1091,是,1OqoJs8grTPUd,物理化学,cMjRU6IPKmOUPuSU,医学院,cMjRU6IPKocAOWIj,59,2:32:55,5,0.0,5,0.2,2025-02-24 00:00:00,2025-06-29 00:00:00,18,使用学校统一时间
37CzHPTzdAVV,DeepSeek-R1,682,是,1OqoJs8grTPUd,医学微生物学与免疫学,cMjRU6IPKmOUPv8v,医学院,cMjRU6IPKocAOKU6,100,2:17:20,0,0.8,1,0.0,2025-02-24 00:00:00,2025-06-29 00:00:00,18,使用学校统一时间
37CzHPTzdAVV,DeepSeek-R1,682,是,1OqoJs8grTPUd,医学微生物学与免疫学,cMjRU6IPKmOUPv8w,医学院,cMjRU6IPKocAOLTa,37,3:25:39,0,0.8,1,0.0,2025-02-24 00:00:00,2025-06-29 00:00:00,18,使用学校统一时间
37CzHPTzdAVV,DeepSeek-R1,682,是,1OqoJs8grTPUd,医学微生物学与免疫学（全英）,cMjRU6IPKmOUPv8x,医学院,cMjRU6IPKocAOKU6,12,3:22:25,0,0.8,3,0.0,2025-02-24 00:00:00,2025-06-29 00:00:00,18,使用学校统一时间
1OqoJs8grTRe7,DeepSeek-R1,1900,否,1OqoJs8grTRhy,大学物理,cMjRU6IPKmOUPvc2,电子工程学院,cMjRU6IPKpSJTWIa,219,2:12:13,8,0.2,4,0.2,2025-02-17 00:00:00,2025-07-06 00:00:00,20,使用学校统一时间
1OqoJs8grTRe7,DeepSeek-R1,1900,否,1OqoJs8grTRhy,大学物理,cMjRU6IPKmOUPvc3,电子工程学院,cMjRU6IPKpSJTWFT,237,2:14:33,8,0.25,4,0.2,2025-02-17 00:00:00,2025-07-06 00:00:00,20,使用学校统一时间
1OqoJs8grTRe7,DeepSeek-R1,1900,否,1OqoJs8grTRhy,大学物理,cMjRU6IPKmOUPvc4,电子工程学院,cMjRU6IPKpSJTWFT,161,3:06:20,5,0.25,3,0.2,2025-02-17 00:00:00,2025-07-06 00:00:00,20,使用学校统一时间
1OqoJs8grTRe7,DeepSeek-R1,1900,否,1OqoJs8grTRhy,大学物理,cMjRU6IPKmOUPvc5,电子工程学院,cMjRU6IPKpQPGxoy,189,2:17:37,5,0.25,5,0.2,2025-02-17 00:00:00,2025-07-06 00:00:00,20,使用学校统一时间
1OqoJs8grTRe7,DeepSeek-R1,1900,否,1OqoJs8grTRhy,大学物理,cMjRU6IPKmOUPvcw,电子工程学院,cMjRU6IPKpQPGxoy,177,2:14:46,5,0.25,4,0.2,2025-02-17 00:00:00,2025-07-06 00:00:00,20,使用学校统一时间
1OqoJs8grTRe7,DeepSeek-R1,1900,否,1OqoJs8grTRhy,大学物理,cMjRU6IPKmOUPvcx,电子工程学院,cMjRU6IPKpQPGxoy,200,2:23:18,5,0.25,6,0.2,2025-02-17 00:00:00,2025-07-06 00:00:00,20,使用学校统一时间
1OqoJs8grTRe7,DeepSeek-R1,1900,否,1OqoJs8grTRhy,大学物理,cMjRU6IPKmOUPvcy,电子工程学院,cMjRU6IPKpSJTWFf,222,2:16:17,8,0.25,4,0.2,2025-02-17 00:00:00,2025-07-06 00:00:00,20,使用学校统一时间
1OqoJs8grTRe7,DeepSeek-R1,1900,否,1OqoJs8grTRhy,大学物理,cMjRU6IPKmOUPvcz,电子工程学院,cMjRU6IPKpSJTWFf,271,3:00:44,8,0.25,4,0.2,2025-02-17 00:00:00,2025-07-06 00:00:00,20,使用学校统一时间
1OqoJs8grTRe7,DeepSeek-R1,1900,否,1OqoJs8grTRhy,大学物理,cMjRU6IPKmOUPvcA,电子工程学院,cMjRU6IPKpSJTWFe,160,2:09:06,5,0.25,5,0.25,2025-02-17 00:00:00,2025-07-06 00:00:00,20,使用学校统一时间
1OqoJs8grTRe7,DeepSeek-R1,1900,否,1OqoJs8grTRhy,大学物理,cMjRU6IPKmOUPvcD,电子工程学院,cMjRU6IPKpSJTWEK,204,2:16:01,8,0.25,5,0.2,2025-02-17 00:00:00,2025-07-06 00:00:00,20,使用学校统一时间
1OqoJs8grTRe7,DeepSeek-R1,1900,否,1OqoJs8grTRhy,大学物理,cMjRU6IPKmOUPvcE,电子工程学院,cMjRU6IPKpSJTWEK,97,2:23:57,5,0.25,3,0.2,2025-02-17 00:00:00,2025-07-06 00:00:00,20,使用学校统一时间
1OqoJs8grTRe7,DeepSeek-R1,1900,否,1OqoJs8grTRhy,大学物理,cMjRU6IPKmOUPvcF,电子工程学院,cMjRU6IPKpSJTWEF,194,2:15:18,8,0.25,5,0.2,2025-02-17 00:00:00,2025-07-06 00:00:00,20,使用学校统一时间
1OqoJs8grTRe7,DeepSeek-R1,1900,否,1OqoJs8grTRhy,大学物理,cMjRU6IPKmOUPvd6,电子工程学院,cMjRU6IPKpSJTWEF,168,2:26:47,8,0.25,5,0.2,2025-02-17 00:00:00,2025-07-06 00:00:00,20,使用学校统一时间
1OqoJs8grTRe7,DeepSeek-R1,1900,否,1OqoJs8grTRhy,大学物理,cMjRU6IPKmOUPvd7,电子工程学院,cMjRU6IPKpSJTWEF,192,2:50:25,8,0.25,5,0.2,2025-02-17 00:00:00,2025-07-06 00:00:00,20,使用学校统一时间
1OqoJs8grTRe7,DeepSeek-R1,1900,否,1OqoJs8grTRhy,大学物理,cMjRU6IPKmOUPvd8,电子工程学院,cMjRU6IPKpSJTWE6,29,3:15:33,5,0.25,3,0.25,2025-02-17 00:00:00,2025-07-06 00:00:00,20,使用学校统一时间
1OqoJs8grTRe7,DeepSeek-R1,1900,否,1OqoJs8grTRhy,大学物理,cMjRU6IPKmOUPvd9,电子工程学院,cMjRU6IPKpSJTWE6,29,3:07:04,5,0.25,3,0.25,2025-02-17 00:00:00,2025-07-06 00:00:00,20,使用学校统一时间
1OqoJs8grTRe7,DeepSeek-R1,1900,否,1OqoJs8grTRhy,大学物理,cMjRU6IPKmOUPvda,电子工程学院,cMjRU6IPKpSJTWE6,202,2:02:20,5,0.25,3,0.25,2025-02-17 00:00:00,2025-07-06 00:00:00,20,使用学校统一时间
1OqoJs8grTRe7,DeepSeek-R1,1900,否,1OqoJs8grTRhy,大学物理,cMjRU6IPKmOUPvdc,电子工程学院,cMjRU6IPKpSJTWFn,159,2:06:26,5,0.25,3,0.2,2025-02-17 00:00:00,2025-07-06 00:00:00,20,使用学校统一时间
1OqoJs8grTRe7,DeepSeek-R1,1900,否,1OqoJs8grTRhy,大学物理,cMjRU6IPKmOUPvdd,电子工程学院,cMjRU6IPKpSJTWHy,164,4:03:26,5,0.25,2,0.2,2025-02-17 00:00:00,2025-07-06 00:00:00,20,使用学校统一时间
1OqoJs8grU1K5,智谱GLM-4-Plus,91,否,1OqoJs8grTPfC,人员培训与开发,cMjRU6IPKmOZ0GoK,青岛恒星科技学院,cMjRU6IPKr6Y9PRB,30,2:09:47,1,0.5,14,0.2,2025-02-24 00:00:00,2025-07-13 00:00:00,20,使用学校统一时间
1OqoJs8grUC68,智谱GLM-4-Plus,0,否,1OqoJs8grTPfC,技术经济,cMjRU6IPKmOZ0H0Y,青岛恒星科技学院,cMjRU6IPKr6Yb1qz,60,0:00:00,4,0.1,0,0.5,2025-02-24 00:00:00,2025-07-13 00:00:00,20,使用学校统一时间
1OqoJs8grTQgU,智谱GLM-4-Plus,44,否,1OqoJs8grTPfC,英语综合素养I,cMjRU6IPKmOZ0Hll,青岛恒星科技学院,cMjRU6IPKr6YaMvv,30,0:00:00,0,0.0,1,0.6,2025-02-24 00:00:00,2025-07-13 00:00:00,20,使用学校统一时间
1OqoJs8grTFOM,智谱GLM-4-Plus,81,否,1OqoJs8grTPfC,国学导读,cMjRU6IPKmOZ0Hn6,青岛恒星科技学院,cMjRU6IPKnaaB7v0,62,0:00:00,7,0.2,3,0.2,2025-02-24 00:00:00,2025-07-13 00:00:00,20,使用学校统一时间
1OqoJs8grUeyZ,智谱GLM-4-Plus,115,否,1OqoJs8grTPfC,员工关系管理,cMjRU6IPKmOZ0Hpu,青岛恒星科技学院,cMjRU6IPKr6Y9PTO,26,12:00:36,15,0.1,1,0.5,2025-02-24 00:00:00,2025-07-13 00:00:00,20,使用学校统一时间
1OqoJs8grTrBv,DeepSeek-R1,4868,否,1OqoJs8grTPUd,VLS,cMjRU6IPKmP3lQQR,医学院,cMjRU6IPKqXN0YFC,43,3:51:54,0,0.1,4,0.3,2025-02-24 00:00:00,2025-06-29 00:00:00,18,使用学校统一时间
1OqoJs8grTrBv,DeepSeek-R1,4868,否,1OqoJs8grTPUd,VLS,cMjRU6IPKmP3m1IV,医学院,cMjRU6IPKqXN0YFC,45,1:37:47,0,0.1,4,0.3,2025-02-24 00:00:00,2025-06-29 00:00:00,18,使用学校统一时间
1OqoJs8grTrBv,DeepSeek-R1,4868,否,1OqoJs8grTPUd,VLS,cMjRU6IPKmP3rjLb,医学院,cMjRU6IPKqXN0YFC,37,3:47:03,0,0.25,4,0.5,2025-02-24 00:00:00,2025-06-29 00:00:00,18,使用学校统一时间
1OqoJs8grTrBv,DeepSeek-R1,4868,否,1OqoJs8grTPUd,C8（Writing and translating）,cMjRU6IPKmP3rjLM,医学院,cMjRU6IPKqXN0YFC,41,1:39:38,0,0.0,16,0.85,2025-02-24 00:00:00,2025-06-29 00:00:00,18,使用学校统一时间
1OqoJs8grTrBv,DeepSeek-R1,4868,否,1OqoJs8grTPUd,C5(WritingandTranslating),cMjRU6IPKmP3rjLP,医学院,cMjRU6IPKqXN0YFC,29,2:28:13,0,0.0,16,0.85,2025-02-24 00:00:00,2025-06-29 00:00:00,18,使用学校统一时间
1OqoJs8grTrBv,DeepSeek-R1,4868,否,1OqoJs8grTPUd,大学英语写作2024级-2,cMjRU6IPKmP6R8jy,医学院,cMjRU6IPKpObcO7I,44,9:06:29,0,0.1,11,0.3,2025-02-24 00:00:00,2025-06-29 00:00:00,18,使用学校统一时间
1OqoJs8grTrBv,DeepSeek-R1,4868,否,1OqoJs8grTPUd,大学英语写作2024级-2,cMjRU6IPKmP6R8jA,医学院,cMjRU6IPKpObcO7I,45,6:29:09,0,0.1,12,0.3,2025-02-24 00:00:00,2025-06-29 00:00:00,18,使用学校统一时间
1OqoJs8grTrBv,DeepSeek-R1,4868,否,1OqoJs8grTPUd,大学英语写作2024级-2,cMjRU6IPKmP6R8jB,医学院,cMjRU6IPKpObcO7I,38,1:00:30,0,0.1,11,0.3,2025-02-24 00:00:00,2025-06-29 00:00:00,18,使用学校统一时间
1OqoJs8grV0L4,智谱GLM-4-Plus,0,否,1OqoJs8grTPfC,Java面向对象程序设计,cMjRU6IPKmP6Zc2k,青岛恒星科技学院,cMjRU6IPKr6Y2X4s,142,0:00:00,0,0.0,1,0.6,2025-02-24 00:00:00,2025-07-13 00:00:00,20,使用学校统一时间
1OqoJs8grTRe7,DeepSeek-R1,1900,否,1OqoJs8grTRhy,大学物理,cMjRU6IPKmPbaYWH,电子工程学院,cMjRU6IPKpSJTWGs,332,1:45:37,8,0.7,3,0.3,2025-02-17 00:00:00,2025-07-06 00:00:00,20,使用学校统一时间
13hkmokNycbRiV,智谱GLM-4-Plus,0,否,1OqoJs8grTPfC,Career planning,cMjRU6IPKmQXMJZr,,cMjRU6IPKogS7p27,15,0:00:00,0,0.1,10,0.3,2025-02-24 00:00:00,2025-07-13 00:00:00,20,使用学校统一时间
7n0RIxtrzH,智谱GLM-4-Plus,132,否,7n0RIxtpvm,高分子材料成型加工原理,PWNTVYeKnHtSM,石油化工学院,PWNTVYeKnnl6p,146,3:10:58,8,0.1,0,0.3,2025-02-24 00:00:00,2025-07-13 00:00:00,20,使用学校统一时间
4hmvbRqRwyh,智谱GLM-4-Plus,83,否,7n0RIxtpvm,电工与电子技术基础,PWNTVYeKnHvB3,化工过程自动化学院,PWNTVYeKnmWMx,134,1:44:56,0,0.3,12,0.3,2025-02-24 00:00:00,2025-07-13 00:00:00,20,使用学校统一时间
cH4W4ndtC,DeepSeek-R1,134,是,7n0RIxtqe4,病理学,PWNTVYeMdOMe9,基础医学院,PWNTVYgjQGZve,56,0:00:00,0,0.1,7,0.3,2025-02-24 00:00:00,2025-06-29 00:00:00,18,使用学校统一时间
cH4W4ndtC,DeepSeek-R1,134,是,7n0RIxtqe4,病理学,PWNTVYeMdOMec,基础医学院,PWNTVYgjNxgM9,59,1:29:44,0,0.1,2,0.3,2025-02-24 00:00:00,2025-06-29 00:00:00,18,使用学校统一时间
cH4W4ndtC,DeepSeek-R1,134,是,7n0RIxtqe4,病理学,PWNTVYeMdOMeN,基础医学院,PWNTVYgjNxg88,57,2:28:10,0,0.2,2,0.5,2025-02-24 00:00:00,2025-06-29 00:00:00,18,使用学校统一时间
cH4W4ndtC,DeepSeek-R1,134,是,7n0RIxtqe4,病理学,PWNTVYeMdOMfk,基础医学院,PWNTVYgjNxgaY,32,0:00:00,0,0.1,10,0.3,2025-02-24 00:00:00,2025-06-29 00:00:00,18,使用学校统一时间
cH4W4ndtC,DeepSeek-R1,134,是,7n0RIxtqe4,病理学,PWNTVYeMdOMfo,基础医学院,PWNTVYgjNxg8b,58,1:15:34,0,0.1,1,0.3,2025-02-24 00:00:00,2025-06-29 00:00:00,18,使用学校统一时间
cH4W4ndtC,DeepSeek-R1,134,是,7n0RIxtqe4,病理学,PWNTVYeMdOMfW,基础医学院,PWNTVYgjNxg7x,57,1:13:09,0,0.1,2,0.3,2025-02-24 00:00:00,2025-06-29 00:00:00,18,使用学校统一时间
cH4W4ndtC,DeepSeek-R1,134,是,7n0RIxtqe4,病理学,PWNTVYeMdOMfX,基础医学院,PWNTVYgjNxg7x,59,0:00:00,0,0.1,13,0.3,2025-02-24 00:00:00,2025-06-29 00:00:00,18,使用学校统一时间
cH4W4ndtC,DeepSeek-R1,134,是,7n0RIxtqe4,病理学,PWNTVYeMdOMfZ,基础医学院,PWNTVYgjNxg88,53,2:48:54,0,0.2,3,0.5,2025-02-24 00:00:00,2025-06-29 00:00:00,18,使用学校统一时间
cH4W4ndtC,DeepSeek-R1,134,是,7n0RIxtqe4,病理学,PWNTVYeMdOMg0,基础医学院,PWNTVYgjNxg88,51,0:00:00,0,0.1,10,0.3,2025-02-24 00:00:00,2025-06-29 00:00:00,18,使用学校统一时间
7n0RIxtsxC,DeepSeek-R1,2,否,7n0RIxtqe4,基础医学概论Ⅰ,PWNTVYeMdOMhb,基础医学院,PWNTVYgjNxgw0,59,5:47:29,0,0.3,5,0.3,2025-02-24 00:00:00,2025-06-29 00:00:00,18,使用学校统一时间
cH4W4ndtw,DeepSeek-R1,121,是,7n0RIxtqe4,组织胚胎学,PWNTVYeMdOMxZ,基础医学院,PWNTVYgjNxg85,56,3:54:22,0,0.3,6,0.3,2025-02-24 00:00:00,2025-06-29 00:00:00,18,使用学校统一时间
cH4W4ndtw,DeepSeek-R1,121,是,7n0RIxtqe4,组织胚胎学,PWNTVYeMdOMys,基础医学院,PWNTVYgjNxg85,50,2:04:56,0,0.3,3,0.3,2025-02-24 00:00:00,2025-06-29 00:00:00,18,使用学校统一时间
cH4W4ndtw,DeepSeek-R1,121,是,7n0RIxtqe4,组织胚胎学,PWNTVYeMdOMyx,基础医学院,PWNTVYgjNxgvn,57,1:59:21,1,0.3,4,0.3,2025-02-24 00:00:00,2025-06-29 00:00:00,18,使用学校统一时间
cH4W4ndtw,DeepSeek-R1,121,是,7n0RIxtqe4,组织胚胎学,PWNTVYeMdOMyB,基础医学院,PWNTVYgjNxg85,56,0:00:00,0,0.1,16,0.3,2025-02-24 00:00:00,2025-06-29 00:00:00,18,使用学校统一时间
cH4W4ndtw,DeepSeek-R1,121,是,7n0RIxtqe4,组织胚胎学,PWNTVYeMdOMz3,基础医学院,PWNTVYgjNxg9n,58,0:00:00,0,0.1,15,0.3,2025-02-24 00:00:00,2025-06-29 00:00:00,18,使用学校统一时间
7n0RIxtsxC,DeepSeek-R1,2,否,7n0RIxtqe4,组织胚胎学,PWNTVYeMdOMz5,基础医学院,PWNTVYgjNxg9Q,51,1:54:43,0,0.1,9,0.3,2025-02-24 00:00:00,2025-06-29 00:00:00,18,使用学校统一时间
cH4W4ndtw,DeepSeek-R1,121,是,7n0RIxtqe4,组织胚胎学,PWNTVYeMdOMz8,基础医学院,PWNTVYgjNxgbH,52,4:26:34,0,0.3,5,0.3,2025-02-24 00:00:00,2025-06-29 00:00:00,18,使用学校统一时间
7n0RIxtsxC,DeepSeek-R1,2,否,7n0RIxtqe4,组织胚胎学,PWNTVYeMdOMzG,基础医学院,PWNTVYgjNxgt2,56,2:19:22,0,0.3,8,0.3,2025-02-24 00:00:00,2025-06-29 00:00:00,18,使用学校统一时间
7n0RIxtsxC,DeepSeek-R1,2,否,7n0RIxtqe4,组织胚胎学,PWNTVYeMdOMzL,基础医学院,PWNTVYgjNxg6W,58,0:00:00,0,0.3,17,0.3,2025-02-24 00:00:00,2025-06-29 00:00:00,18,使用学校统一时间
cH4W4ndtC,DeepSeek-R1,134,是,7n0RIxtqe4,基础医学概论Ⅱ,PWNTVYeMdOMWn,基础医学院,PWNTVYks0AaKv,50,0:00:00,0,0.1,6,0.3,2025-02-24 00:00:00,2025-06-29 00:00:00,18,使用学校统一时间
7n0RIxtdIm,DeepSeek-R1,40,是,7n0RIxtgs0,有机化学实验（I）-2,PWNTVYeMlUH3Z,化学实验中心,PWNTVYeFdXu88,17,5:09:20,13,0.3,0,0.0,2025-02-24 00:00:00,2025-06-29 00:00:00,18,使用学校统一时间
cH4W4neNs,GPT-4o,98,是,7n0RIxtgs0,英文写作研习（全英文）,PWNTVYeMlUIon,匹兹堡学院,PWNTVYeFewiTv,25,1:51:42,0,0.1,5,0.3,2025-02-24 00:00:00,2025-06-29 00:00:00,18,使用学校统一时间
7n0RIxt4kD,DeepSeek-R1,80,否,7n0RIxtgs0,医学微生物学（Ⅱ）,PWNTVYeMlZYPi,基法学院,PWNTVYeFepttq,67,0:00:00,0,0.3,4,0.3,2025-02-24 00:00:00,2025-06-29 00:00:00,18,使用学校统一时间
7n0RIxt2UW,DeepSeek-R1,237,否,7n0RIxtgs0,解剖学（Ⅰ）,PWNTVYeMlZZ7Z,基法学院,PWNTVYeFepCRM,97,3:14:58,16,0.0,15,1.0,2025-02-24 00:00:00,2025-06-29 00:00:00,18,使用学校统一时间
cH4W4neNs,GPT-4o,98,是,7n0RIxtgs0,基础英语写作-2,PWNTVYeMm01Mi,外国语学院,PWNTVYeFewiTv,11,1:58:28,1,0.1,3,0.3,2025-02-24 00:00:00,2025-06-29 00:00:00,18,使用学校统一时间
cH4W4neNs,GPT-4o,98,是,7n0RIxtgs0,基础英语写作-2,PWNTVYeMm01Ml,外国语学院,PWNTVYeFewiTv,24,1:57:23,0,0.1,4,0.3,2025-02-24 00:00:00,2025-06-29 00:00:00,18,使用学校统一时间
cH4W4neNs,GPT-4o,98,是,7n0RIxtgs0,基础英语写作-2,PWNTVYeMm01MN,外国语学院,PWNTVYeFewiTv,20,4:46:53,0,0.1,5,0.3,2025-02-24 00:00:00,2025-06-29 00:00:00,18,使用学校统一时间
7n0RIxtD1h,DeepSeek-R1,56,否,7n0RIxtgs0,水力机组辅助设备,PWNTVYeMm0dDl,水电学院,PWNTVYeFhByob,55,1:49:35,2,0.4,5,0.5,2025-02-24 00:00:00,2025-06-29 00:00:00,18,使用学校统一时间
cH4W4ncPv,GPT-4o,4469,是,7n0RIxtgs0,电路原理,PWNTVYeMm0oLb,电工电子中心,PWNTVYeFhICHD,90,2:15:29,0,0.1,10,0.3,2025-02-24 00:00:00,2025-06-29 00:00:00,18,使用学校统一时间
cH4W4ncr6,DeepSeek-R1,183,是,7n0RIxtgs0,实验室安全与环境保护,PWNTVYeMm0Bb7,设备处,PWNTVYeFewG8C,40,0:00:00,0,0.2,9,0.5,2025-02-24 00:00:00,2025-06-29 00:00:00,18,使用学校统一时间
cH4W4ncr6,DeepSeek-R1,183,是,7n0RIxtgs0,实验室安全与环境保护,PWNTVYeMm0Bb9,设备处,PWNTVYeFewG8C,58,0:00:00,0,0.2,9,0.5,2025-02-24 00:00:00,2025-06-29 00:00:00,18,使用学校统一时间
cH4W4ncr6,DeepSeek-R1,183,是,7n0RIxtgs0,实验室安全与环境保护,PWNTVYeMm0BbD,设备处,PWNTVYeFewG8C,22,0:00:00,0,0.2,9,0.5,2025-02-24 00:00:00,2025-06-29 00:00:00,18,使用学校统一时间
cH4W4ncr6,DeepSeek-R1,183,是,7n0RIxtgs0,实验室安全与环境保护,PWNTVYeMm0BbE,设备处,PWNTVYeFewG8C,62,0:00:00,0,0.2,9,0.5,2025-02-24 00:00:00,2025-06-29 00:00:00,18,使用学校统一时间
cH4W4ncr6,DeepSeek-R1,183,是,7n0RIxtgs0,实验室安全与环境保护理论和实践,PWNTVYeMm0BbG,设备处,PWNTVYeFewG8C,51,0:00:00,0,0.2,9,0.5,2025-02-24 00:00:00,2025-06-29 00:00:00,18,使用学校统一时间
cH4W4ncr6,DeepSeek-R1,183,是,7n0RIxtgs0,实验室安全与环境保护理论和实践,PWNTVYeMm0BbJ,设备处,PWNTVYeFewG8C,30,0:00:00,0,0.2,9,0.5,2025-02-24 00:00:00,2025-06-29 00:00:00,18,使用学校统一时间
cH4W4ncr6,DeepSeek-R1,183,是,7n0RIxtgs0,实验室安全与环境保护理论和实践,PWNTVYeMm0BbL,设备处,PWNTVYeFewG8C,59,0:00:00,0,0.2,9,0.5,2025-02-24 00:00:00,2025-06-29 00:00:00,18,使用学校统一时间
cH4W4ncr6,DeepSeek-R1,183,是,7n0RIxtgs0,实验室安全与环境保护理论和实践,PWNTVYeMm0Bcg,设备处,PWNTVYeFewG8C,50,0:00:00,0,0.2,9,0.5,2025-02-24 00:00:00,2025-06-29 00:00:00,18,使用学校统一时间
4hmvbRqQL50,DeepSeek-R1,9,否,7n0RIxtgs0,软件工程导论,PWNTVYeMm0ByV,软件学院,PWNTVYeFhUWnF,67,2:58:37,0,0.1,8,0.3,2025-02-24 00:00:00,2025-06-29 00:00:00,18,使用学校统一时间
7n0RIxtseV,DeepSeek-R1,17,否,7n0RIxtgs0,数据库系统和信息管理,PWNTVYeMm0Bzq,软件学院,PWNTVYeFhUWmB,93,2:47:05,12,0.15,3,0.0,2025-02-24 00:00:00,2025-06-29 00:00:00,18,使用学校统一时间
7n0RIxtgpz,智谱GLM-4-Plus,327,否,7n0RIxtpvm,工程制图,PWNTVYeOIKljD,机械工程学院,PWNTVYeKj9dcx,43,0:00:00,10,0.0,44,0.9,2025-02-24 00:00:00,2025-07-13 00:00:00,20,使用学校统一时间
7n0RIxtgpz,智谱GLM-4-Plus,327,否,7n0RIxtpvm,工程制图（一）,PWNTVYeOIKlDV,机械工程学院,PWNTVYeKj9dcx,61,0:00:00,10,0.0,33,0.9,2025-02-24 00:00:00,2025-07-13 00:00:00,20,使用学校统一时间
7n0RIxtf5H,智谱GLM-4-Plus,307,否,7n0RIxtpvm,电磁场,PWNTVYeOIKuHu,电气工程学院,PWNTVYeKjgOuT,29,2:18:20,30,0.3,0,0.0,2025-02-24 00:00:00,2025-07-13 00:00:00,20,使用学校统一时间
7n0RIxt3Fj,智谱GLM-4-Plus,1583,否,7n0RIxtpvm,机械设计基础,PWNTVYeOIKuI5,机械工程学院,PWNTVYeKj9dbn,59,4:59:00,15,0.2,6,0.25,2025-02-24 00:00:00,2025-07-13 00:00:00,20,使用学校统一时间
7n0RIxtgpz,智谱GLM-4-Plus,327,否,7n0RIxtpvm,工程制图,PWNTVYeOIKuIF,机械工程学院,PWNTVYiQ8Mh6X,65,4:26:00,10,0.0,48,1.0,2025-02-24 00:00:00,2025-07-13 00:00:00,20,使用学校统一时间
7n0RIxtdHR,智谱GLM-4-Plus,374,否,7n0RIxtpvm,电路分析基础,PWNTVYeOIKv45,电气工程学院,PWNTVYeKjgOuT,55,3:22:31,44,0.3,0,0.0,2025-02-24 00:00:00,2025-07-13 00:00:00,20,使用学校统一时间
7n0RIxtdHR,智谱GLM-4-Plus,374,否,7n0RIxtpvm,电路分析基础,PWNTVYeOIKvor,电气工程学院,PWNTVYnaUHBsh,57,2:19:30,48,0.3,0,0.0,2025-02-24 00:00:00,2025-07-13 00:00:00,20,使用学校统一时间
7n0RIxt3Fi,智谱GLM-4-Plus,438,否,7n0RIxtpvm,普通物理学（下）,PWNTVYeOIKx39,理学院,PWNTVYeKjg3YR,31,5:31:14,15,0.2,0,0.6,2025-02-24 00:00:00,2025-07-13 00:00:00,20,使用学校统一时间
4hmvbRqRH2B,智谱GLM-4-Plus,119,否,7n0RIxtpvm,工业水净化工程,PWNTVYeOIKxs7,环境与化学工程学院,PWNTVYeKjg3Zo,26,2:45:17,7,0.0,0,0.0,2025-02-24 00:00:00,2025-07-13 00:00:00,20,使用学校统一时间
4hmvbRqRlr0,智谱GLM-4-Plus,377,否,7n0RIxtpvm,工程结构,PWNTVYeOIKHbt,建筑与土木工程学院,PWNTVYeKj36zG,64,5:36:48,23,0.2,1,0.35,2025-02-24 00:00:00,2025-07-13 00:00:00,20,使用学校统一时间
7n0RIxtEmi,智谱GLM-4-Plus,12,否,7n0RIxtpvm,热质交换原理与设备,PWNTVYeOIKHbu,建筑与土木工程学院,PWNTVYeKj36ct,29,1:58:06,0,0.3,3,0.3,2025-02-24 00:00:00,2025-07-13 00:00:00,20,使用学校统一时间
7n0RIxtqeL,智谱GLM-4-Plus,520,否,7n0RIxtpvm,计量经济学,PWNTVYeOIKHQ5,经济学院,PWNTVYeKjnHjT,56,2:12:00,5,0.1,5,0.1,2025-02-24 00:00:00,2025-07-13 00:00:00,20,使用学校统一时间
7n0RIxtqeL,智谱GLM-4-Plus,520,否,7n0RIxtpvm,计量经济学,PWNTVYeOIKHQE,经济学院,PWNTVYeKjnHjT,111,1:42:53,5,0.1,5,0.1,2025-02-24 00:00:00,2025-07-13 00:00:00,20,使用学校统一时间
7n0RIxt1UQ,智谱GLM-4-Plus,97,否,7n0RIxtpvm,职业发展英语（二）,PWNTVYeOIKIdR,外国语学院,PWNTVYeKj2Uof,29,5:35:08,11,0.6,4,0.15,2025-02-24 00:00:00,2025-07-13 00:00:00,20,使用学校统一时间
4hmvbRqRlae,智谱GLM-4-Plus,370,否,7n0RIxtpvm,大学外语（四）[上机学时],PWNTVYeOIKJcl,外国语学院,PWNTVYeKj2U6g,27,0:00:00,0,0.2,1,0.4,2025-02-24 00:00:00,2025-07-13 00:00:00,20,使用学校统一时间
4hmvbRqRlae,智谱GLM-4-Plus,370,否,7n0RIxtpvm,大学外语（二）[上机学时],PWNTVYeOIKSZ2,外国语学院,PWNTVYeKj2UnG,29,0:00:00,25,0.0,42,0.0,2025-02-24 00:00:00,2025-07-13 00:00:00,20,使用学校统一时间
7n0RIxtdHR,智谱GLM-4-Plus,374,否,7n0RIxtpvm,电路原理（二）,PWNTVYeOIKTkw,电气工程学院,PWNTVYeKjgOuT,39,3:31:56,39,0.3,0,0.0,2025-02-24 00:00:00,2025-07-13 00:00:00,20,使用学校统一时间
cH4W4nc9H,DeepSeek-R1,399,否,7n0RIxtsze,感染性疾病与免疫Ⅰ,PWNTVYeOJEJai,基础医学院,PWNTVYmU4Mok9,50,2:02:47,0,0.0,1,0.0,2025-02-24 00:00:00,2025-07-13 00:00:00,20,使用学校统一时间
cH4W4nc97,智谱GLM-4-Plus,1233,否,7n0RIxtsze,组织学与胚胎学,PWNTVYeOZHLGq,基础医学院,PWNTVYmU4Maac,50,5:23:44,0,0.1,3,0.3,2025-02-24 00:00:00,2025-07-13 00:00:00,20,使用学校统一时间
cH4W4nc97,智谱GLM-4-Plus,1233,否,7n0RIxtsze,组织学与胚胎学,PWNTVYeOZHLGr,基础医学院,PWNTVYmU4Maac,48,5:01:51,0,0.1,3,0.3,2025-02-24 00:00:00,2025-07-13 00:00:00,20,使用学校统一时间
cH4W4nc97,智谱GLM-4-Plus,1233,否,7n0RIxtsze,组织学与胚胎学,PWNTVYeOZHLGs,基础医学院,PWNTVYmU4Maac,48,4:31:27,0,0.1,3,0.3,2025-02-24 00:00:00,2025-07-13 00:00:00,20,使用学校统一时间
cH4W4nc97,智谱GLM-4-Plus,1233,否,7n0RIxtsze,组织学与胚胎学,PWNTVYeOZHLGU,基础医学院,PWNTVYmU4Maac,55,2:38:10,0,0.1,3,0.3,2025-02-24 00:00:00,2025-07-13 00:00:00,20,使用学校统一时间
cH4W4nc97,智谱GLM-4-Plus,1233,否,7n0RIxtsze,组织学与胚胎学,PWNTVYeOZHLGW,基础医学院,PWNTVYmU4Maac,33,2:42:18,0,0.1,3,0.3,2025-02-24 00:00:00,2025-07-13 00:00:00,20,使用学校统一时间
cH4W4nc97,智谱GLM-4-Plus,1233,否,7n0RIxtsze,组织学与胚胎学,PWNTVYeOZHLGZ,基础医学院,PWNTVYmU4Maac,46,9:41:20,0,0.1,3,0.3,2025-02-24 00:00:00,2025-07-13 00:00:00,20,使用学校统一时间
cH4W4nc97,智谱GLM-4-Plus,1233,否,7n0RIxtsze,组织学与胚胎学,PWNTVYeOZHLHx,基础医学院,PWNTVYmU4Maac,47,2:48:55,0,0.1,4,0.3,2025-02-24 00:00:00,2025-07-13 00:00:00,20,使用学校统一时间
7n0RIxtdHR,智谱GLM-4-Plus,374,否,7n0RIxtpvm,电路分析基础,PWNTVYeP3z0eI,电气工程学院,PWNTVYeKjgOuT,21,0:52:06,35,0.3,0,0.0,2025-02-24 00:00:00,2025-07-13 00:00:00,20,使用学校统一时间
cH4W4ndan,GPT-4o,262,否,7n0RIxtgs0,中国语言之美：成语篇（25春）,PWNTVYeP3U7ZC,海外教育学院,PWNTVYeFhHqbn,21,3:06:05,2,0.25,3,0.5,2025-02-24 00:00:00,2025-06-29 00:00:00,18,使用学校统一时间
7n0RIxucos,智谱GLM-4-Plus,264,否,7n0RIxtsze,妇产科护理学,PWNTVYePbXx5Q,护理学院,PWNTVYnaY0d0t,41,0:00:00,1,0.3,0,0.0,2025-02-24 00:00:00,2025-07-13 00:00:00,20,使用学校统一时间
7n0RIxucos,智谱GLM-4-Plus,264,否,7n0RIxtsze,妇产科护理学,PWNTVYePbXx6l,护理学院,PWNTVYnaY0d0t,51,0:00:00,1,0.3,0,0.0,2025-02-24 00:00:00,2025-07-13 00:00:00,20,使用学校统一时间
cH4W4nc9E,智谱GLM-4-Plus,198,否,7n0RIxtsze,临床精神病学,PWNTVYeQY8jev,精神卫生学院,PWNTVYnb6DN9d,146,0:00:00,2,0.3,0,0.3,2025-02-24 00:00:00,2025-07-13 00:00:00,20,使用学校统一时间
7n0RIxucoY,智谱GLM-4-Plus,247,否,7n0RIxtsze,流行病学,PWNTVYeR1YYiH,公共卫生学院,PWNTVYnaY0cJz,50,0:00:00,0,0.0,1,0.4,2025-02-24 00:00:00,2025-07-13 00:00:00,20,使用学校统一时间
7n0RIxucoY,智谱GLM-4-Plus,247,否,7n0RIxtsze,流行病学,PWNTVYeR1YYjb,公共卫生学院,PWNTVYnaY0cJz,57,0:00:00,0,0.0,1,0.4,2025-02-24 00:00:00,2025-07-13 00:00:00,20,使用学校统一时间
7n0RIxucoY,智谱GLM-4-Plus,247,否,7n0RIxtsze,流行病学,PWNTVYeR1YYjf,公共卫生学院,PWNTVYnaY0cJz,46,0:00:00,0,0.0,1,0.4,2025-02-24 00:00:00,2025-07-13 00:00:00,20,使用学校统一时间
7n0RIxucoY,智谱GLM-4-Plus,247,否,7n0RIxtsze,流行病学,PWNTVYeR1YYji,公共卫生学院,PWNTVYnaY0cJz,43,0:00:00,0,0.0,1,0.4,2025-02-24 00:00:00,2025-07-13 00:00:00,20,使用学校统一时间
7n0RIxucoY,智谱GLM-4-Plus,247,否,7n0RIxtsze,流行病学,PWNTVYeR1YYjj,公共卫生学院,PWNTVYnaY0cJz,36,0:00:00,0,0.0,1,0.4,2025-02-24 00:00:00,2025-07-13 00:00:00,20,使用学校统一时间
7n0RIxucoY,智谱GLM-4-Plus,247,否,7n0RIxtsze,流行病学,PWNTVYeR1YYjM,公共卫生学院,PWNTVYnaY0cJz,43,0:00:00,0,0.0,1,0.4,2025-02-24 00:00:00,2025-07-13 00:00:00,20,使用学校统一时间
7n0RIxucoY,智谱GLM-4-Plus,247,否,7n0RIxtsze,流行病学,PWNTVYeR1YYjO,公共卫生学院,PWNTVYnaY0cJz,46,0:00:00,0,0.0,1,0.4,2025-02-24 00:00:00,2025-07-13 00:00:00,20,使用学校统一时间
7n0RIxucoY,智谱GLM-4-Plus,247,否,7n0RIxtsze,流行病学,PWNTVYeR1YYjP,公共卫生学院,PWNTVYnaY0cJz,45,0:00:00,0,0.0,1,0.4,2025-02-24 00:00:00,2025-07-13 00:00:00,20,使用学校统一时间
7n0RIxucoY,智谱GLM-4-Plus,247,否,7n0RIxtsze,流行病学,PWNTVYeR1YYjQ,公共卫生学院,PWNTVYnaY0cJz,42,0:00:00,0,0.0,1,0.4,2025-02-24 00:00:00,2025-07-13 00:00:00,20,使用学校统一时间
